"Date","Price","Open","High","Low","Vol.","Change %"
"Jul 24, 2022","8.293","8.421","9.413","8.015","27.79K","-0.16%"
"Jul 17, 2022","8.306","7.167","8.413","7.082","-","16.48%"
"Jul 10, 2022","7.131","6.380","7.135","6.021","-","18.18%"
"Jul 03, 2022","6.034","5.712","6.381","5.325","311.35K","5.31%"
"Jun 26, 2022","5.730","6.126","6.833","5.357","300.35K","-7.88%"
"Jun 19, 2022","6.220","6.800","6.976","6.021","290.51K","-10.43%"
"Jun 12, 2022","6.944","8.920","8.950","6.881","702.30K","-21.54%"
"Jun 05, 2022","8.850","8.750","9.664","8.016","763.91K","3.84%"
"May 29, 2022","8.523","8.874","9.057","8.118","356.46K","-2.34%"
"May 22, 2022","8.727","8.079","9.401","7.851","136.07K","7.97%"
"May 15, 2022","8.083","7.700","8.548","7.663","341.48K","5.48%"
"May 08, 2022","7.663","7.843","8.287","6.430","616.07K","-4.72%"
"May 01, 2022","8.043","7.412","8.996","7.219","725.03K","11.03%"
"Apr 24, 2022","7.244","6.414","7.422","6.345","216.12K","10.87%"
"Apr 17, 2022","6.534","7.367","8.065","6.438","731.30K","-10.49%"
"Apr 10, 2022","7.300","6.394","7.346","6.247","836.97K","16.28%"
"Apr 03, 2022","6.278","5.745","6.538","5.650","661.63K","9.76%"
"Mar 27, 2022","5.720","5.551","5.832","5.255","313.74K","2.67%"
"Mar 20, 2022","5.571","4.909","5.577","4.748","356.98K","14.56%"
"Mar 13, 2022","4.863","4.705","5.001","4.459","335.27K","2.92%"
"Mar 06, 2022","4.725","5.041","5.184","4.450","466.97K","-5.80%"
"Feb 27, 2022","5.016","4.620","5.045","4.340","498.58K","12.21%"
"Feb 20, 2022","4.470","4.594","4.940","4.293","93.36K","0.88%"
"Feb 13, 2022","4.431","4.103","4.793","4.040","536.43K","12.43%"
"Feb 06, 2022","3.941","4.384","4.468","3.876","643.64K","-13.80%"
"Jan 30, 2022","4.572","4.867","5.572","4.487","809.27K","-1.44%"
"Jan 23, 2022","4.639","3.915","7.346","3.876","122.05K","16.00%"
"Jan 16, 2022","3.999","4.356","4.390","3.781","340.20K","-6.17%"
"Jan 09, 2022","4.262","4.144","4.879","3.977","738.36K","8.84%"
"Jan 02, 2022","3.916","3.702","3.980","3.638","445.85K","4.99%"
"Dec 26, 2021","3.730","3.958","4.261","3.536","204.04K","-0.03%"
"Dec 19, 2021","3.731","3.645","4.041","3.599","425.87K","1.11%"
"Dec 12, 2021","3.690","3.975","4.085","3.617","512.57K","-5.99%"
"Dec 05, 2021","3.925","3.826","3.965","3.630","627.67K","-5.01%"
"Nov 28, 2021","4.132","5.199","5.200","4.042","661.74K","-24.14%"
"Nov 21, 2021","5.447","4.910","5.562","4.648","190.74K","7.54%"
"Nov 14, 2021","5.065","4.903","5.394","4.713","625.50K","5.72%"
"Nov 07, 2021","4.791","5.605","5.663","4.725","800.40K","-13.14%"
"Oct 31, 2021","5.516","5.310","5.876","5.116","738.89K","1.66%"
"Oct 24, 2021","5.426","5.468","6.291","5.401","427.41K","2.77%"
"Oct 17, 2021","5.280","5.299","5.379","4.825","642.72K","-2.40%"
"Oct 10, 2021","5.410","5.695","5.964","5.168","956.68K","-2.79%"
"Oct 03, 2021","5.565","5.628","6.466","5.393","1.11M","-0.96%"
"Sep 26, 2021","5.619","5.191","6.280","5.176","717.25K","9.32%"
"Sep 19, 2021","5.140","5.015","5.183","4.735","581.38K","0.69%"
"Sep 12, 2021","5.105","4.945","5.650","4.879","1.07M","3.38%"
"Sep 05, 2021","4.938","4.710","5.058","4.557","794.29K","4.80%"
"Aug 29, 2021","4.712","4.499","4.727","4.215","843.47K","7.83%"
"Aug 22, 2021","4.370","3.862","4.397","3.838","263.64K","13.48%"
"Aug 15, 2021","3.851","3.846","3.988","3.734","558.68K","-0.26%"
"Aug 08, 2021","3.861","4.168","4.185","3.846","809.41K","-6.74%"
"Aug 01, 2021","4.140","3.973","4.205","3.915","652.78K","5.77%"
"Jul 25, 2021","3.914","4.025","4.187","3.855","380.58K","-3.60%"
"Jul 18, 2021","4.060","3.703","4.071","3.686","530.53K","10.51%"
"Jul 11, 2021","3.674","3.673","3.769","3.584","576.04K","0.00%"
"Jul 04, 2021","3.674","3.704","3.822","3.520","541.08K","-0.70%"
"Jun 27, 2021","3.700","3.502","3.814","3.485","660.21K","5.84%"
"Jun 20, 2021","3.496","3.206","3.511","3.137","344.00K","8.74%"
"Jun 13, 2021","3.215","3.315","3.369","3.166","633.81K","-2.46%"
"Jun 06, 2021","3.296","3.109","3.330","3.033","825.19K","6.43%"
"May 30, 2021","3.097","3.036","3.150","3.010","526.95K","3.72%"
"May 23, 2021","2.986","2.850","3.042","2.832","320.02K","2.75%"
"May 16, 2021","2.906","3.019","3.150","2.894","541.81K","-1.86%"
"May 09, 2021","2.961","2.970","3.016","2.881","470.41K","0.10%"
"May 02, 2021","2.958","2.938","3.001","2.900","479.98K","0.92%"
"Apr 25, 2021","2.931","2.710","2.971","2.700","303.52K","7.36%"
"Apr 18, 2021","2.730","2.707","2.779","2.657","478.42K","1.87%"
"Apr 11, 2021","2.680","2.530","2.700","2.529","669.80K","6.10%"
"Apr 04, 2021","2.526","2.593","2.616","2.453","684.22K","-4.28%"
"Mar 28, 2021","2.639","2.563","2.688","2.530","199.42K","3.21%"
"Mar 21, 2021","2.557","2.507","2.592","2.478","320.26K","0.87%"
"Mar 14, 2021","2.535","2.558","2.566","2.422","545.15K","-2.50%"
"Mar 07, 2021","2.600","2.691","2.734","2.584","545.35K","-3.74%"
"Feb 28, 2021","2.701","2.800","2.887","2.681","534.30K","-2.53%"
"Feb 21, 2021","2.771","3.010","3.030","2.697","349.13K","-9.71%"
"Feb 14, 2021","3.069","3.046","3.316","2.976","746.28K","5.39%"
"Feb 07, 2021","2.912","2.909","3.045","2.741","1.11M","1.71%"
"Jan 31, 2021","2.863","2.730","3.057","2.712","1.10M","11.66%"
"Jan 24, 2021","2.564","2.542","2.773","2.504","373.73K","4.82%"
"Jan 17, 2021","2.446","2.652","2.673","2.414","508.90K","-10.63%"
"Jan 10, 2021","2.737","2.600","2.899","2.589","861.96K","1.37%"
"Jan 03, 2021","2.700","2.626","2.770","2.566","707.11K","6.34%"
"Dec 27, 2020","2.539","2.311","2.547","2.238","245.45K","0.83%"
"Dec 20, 2020","2.518","2.730","2.806","2.515","355.71K","-6.74%"
"Dec 13, 2020","2.700","2.658","2.724","2.596","685.43K","4.21%"
"Dec 06, 2020","2.591","2.456","2.630","2.368","992.62K","0.62%"
"Nov 29, 2020","2.575","2.831","2.996","2.462","838.82K","-9.43%"
"Nov 22, 2020","2.843","2.705","2.963","2.649","180.17K","7.28%"
"Nov 15, 2020","2.650","2.871","2.887","2.525","660.69K","-11.52%"
"Nov 08, 2020","2.995","2.872","3.087","2.821","677.80K","3.70%"
"Nov 01, 2020","2.888","3.374","3.393","2.866","846.93K","-13.89%"
"Oct 25, 2020","3.354","2.941","3.396","2.907","413.46K","12.89%"
"Oct 18, 2020","2.971","2.641","3.066","2.638","591.07K","7.14%"
"Oct 11, 2020","2.773","2.891","2.955","2.610","839.48K","1.17%"
"Oct 04, 2020","2.741","2.455","2.821","2.446","961.83K","12.43%"
"Sep 27, 2020","2.438","2.105","2.789","2.020","665.35K","13.98%"
"Sep 20, 2020","2.139","1.991","2.320","1.795","560.34K","4.44%"
"Sep 13, 2020","2.048","2.306","2.399","1.926","770.01K","-9.74%"
"Sep 06, 2020","2.269","2.586","2.586","2.246","687.84K","-12.33%"
"Aug 30, 2020","2.588","2.629","2.675","2.415","1.00M","-2.60%"
"Aug 23, 2020","2.657","2.460","2.743","2.388","338.30K","8.54%"
"Aug 16, 2020","2.448","2.392","2.468","2.280","679.99K","3.90%"
"Aug 09, 2020","2.356","2.257","2.379","2.085","953.14K","5.27%"
"Aug 02, 2020","2.238","1.859","2.284","1.852","1.16M","24.40%"
"Jul 26, 2020","1.799","1.796","1.928","1.714","352.03K","-0.50%"
"Jul 19, 2020","1.808","1.700","1.818","1.605","609.76K","5.24%"
"Jul 12, 2020","1.718","1.785","1.815","1.690","638.75K","-4.82%"
"Jul 05, 2020","1.805","1.738","1.924","1.733","986.28K","4.09%"
"Jun 28, 2020","1.734","1.567","1.784","1.558","775.92K","15.99%"
"Jun 21, 2020","1.495","1.671","1.712","1.432","319.78K","-10.43%"
"Jun 14, 2020","1.669","1.753","1.761","1.597","757.90K","-3.58%"
"Jun 07, 2020","1.731","1.810","1.833","1.674","979.47K","-2.86%"
"May 31, 2020","1.782","1.830","1.864","1.742","870.36K","-3.62%"
"May 24, 2020","1.849","1.746","1.896","1.692","430.01K","6.82%"
"May 17, 2020","1.731","1.725","1.889","1.680","777.86K","5.16%"
"May 10, 2020","1.646","1.838","1.890","1.595","1.08M","-9.71%"
"May 03, 2020","1.823","1.961","2.162","1.811","1.18M","-3.54%"
"Apr 26, 2020","1.890","1.701","2.016","1.593","581.24K","8.25%"
"Apr 19, 2020","1.746","1.774","1.974","1.701","847.55K","-0.40%"
"Apr 12, 2020","1.753","1.752","1.813","1.555","979.94K","1.15%"
"Apr 05, 2020","1.733","1.650","1.918","1.630","879.46K","6.91%"
"Mar 29, 2020","1.621","1.630","1.731","1.521","709.01K","-0.80%"
"Mar 22, 2020","1.634","1.533","1.716","1.519","327.82K","1.87%"
"Mar 15, 2020","1.604","1.854","1.854","1.555","897.77K","-14.18%"
"Mar 08, 2020","1.869","1.678","1.998","1.610","1.46M","9.43%"
"Mar 01, 2020","1.708","1.695","1.847","1.680","909.84K","1.43%"
"Feb 23, 2020","1.684","1.884","1.884","1.642","647.95K","-11.60%"
"Feb 16, 2020","1.905","1.880","2.025","1.861","1.01M","3.70%"
"Feb 09, 2020","1.837","1.813","1.869","1.753","1.39M","-1.13%"
"Feb 02, 2020","1.858","1.852","1.906","1.804","1.00M","0.92%"
"Jan 26, 2020","1.841","1.935","1.976","1.812","496.89K","-2.75%"
"Jan 19, 2020","1.893","1.970","1.980","1.830","817.71K","-5.49%"
"Jan 12, 2020","2.003","2.210","2.255","1.994","1.15M","-9.04%"
"Jan 05, 2020","2.202","2.112","2.234","2.099","1.07M","3.38%"
"Dec 29, 2019","2.130","2.247","2.258","2.083","550.45K","-1.30%"
"Dec 22, 2019","2.158","2.254","2.297","2.138","240.08K","-7.30%"
"Dec 15, 2019","2.328","2.296","2.377","2.232","896.69K","1.39%"
"Dec 08, 2019","2.296","2.210","2.348","2.158","1.24M","-1.63%"
"Dec 01, 2019","2.334","2.315","2.510","2.289","1.15M","2.32%"
"Nov 24, 2019","2.281","2.689","2.709","2.270","471.57K","-14.41%"
"Nov 17, 2019","2.665","2.641","2.675","2.501","754.46K","-0.86%"
"Nov 10, 2019","2.688","2.716","2.724","2.570","1.05M","-3.62%"
"Nov 03, 2019","2.789","2.796","2.905","2.753","1.14M","2.76%"
"Oct 27, 2019","2.714","2.366","2.738","2.346","765.38K","18.00%"
"Oct 20, 2019","2.300","2.320","2.342","2.213","786.68K","-0.86%"
"Oct 13, 2019","2.320","2.238","2.384","2.228","850.65K","4.79%"
"Oct 06, 2019","2.214","2.333","2.342","2.187","1.07M","-5.87%"
"Sep 29, 2019","2.352","2.380","2.398","2.207","1.05M","-2.16%"
"Sep 22, 2019","2.404","2.522","2.590","2.380","375.13K","-5.13%"
"Sep 15, 2019","2.534","2.688","2.710","2.506","865.47K","-3.06%"
"Sep 08, 2019","2.614","2.527","2.648","2.496","1.15M","4.73%"
"Sep 01, 2019","2.496","2.288","2.505","2.269","871.52K","9.23%"
"Aug 25, 2019","2.285","2.169","2.310","2.159","449.79K","6.18%"
"Aug 18, 2019","2.152","2.164","2.238","2.120","640.85K","-2.18%"
"Aug 11, 2019","2.200","2.124","2.267","2.086","813.90K","3.82%"
"Aug 04, 2019","2.119","2.078","2.155","2.029","887.93K","-0.09%"
"Jul 28, 2019","2.121","2.175","2.333","2.077","779.94K","-2.21%"
"Jul 21, 2019","2.169","2.242","2.328","2.165","485.48K","-3.64%"
"Jul 14, 2019","2.251","2.462","2.469","2.242","717.19K","-8.23%"
"Jul 07, 2019","2.453","2.460","2.489","2.360","983.92K","1.45%"
"Jun 30, 2019","2.418","2.330","2.445","2.217","574.82K","4.77%"
"Jun 23, 2019","2.308","2.197","2.364","2.195","354.41K","5.58%"
"Jun 16, 2019","2.186","2.389","2.418","2.159","717.66K","-8.42%"
"Jun 09, 2019","2.387","2.335","2.406","2.320","794.56K","2.14%"
"Jun 02, 2019","2.337","2.444","2.475","2.305","779.62K","-4.77%"
"May 26, 2019","2.454","2.597","2.643","2.444","422.13K","-5.54%"
"May 19, 2019","2.598","2.626","2.700","2.538","604.20K","-1.25%"
"May 12, 2019","2.631","2.616","2.670","2.586","525.14K","0.46%"
"May 05, 2019","2.619","2.565","2.647","2.514","633.85K","2.03%"
"Apr 28, 2019","2.567","2.578","2.626","2.546","502.81K","0.04%"
"Apr 21, 2019","2.566","2.494","2.580","2.439","333.69K","3.05%"
"Apr 14, 2019","2.490","2.646","2.653","2.478","553.95K","-6.39%"
"Apr 07, 2019","2.660","2.659","2.729","2.651","648.24K","-0.15%"
"Mar 31, 2019","2.664","2.663","2.733","2.632","576.79K","0.08%"
"Mar 24, 2019","2.662","2.724","2.770","2.656","290.09K","-3.31%"
"Mar 17, 2019","2.753","2.786","2.897","2.721","502.57K","-1.50%"
"Mar 10, 2019","2.795","2.835","2.857","2.752","496.11K","-2.44%"
"Mar 03, 2019","2.865","2.845","2.896","2.812","529.22K","0.21%"
"Feb 24, 2019","2.859","2.757","2.908","2.732","441.53K","5.23%"
"Feb 17, 2019","2.717","2.621","2.726","2.600","394.91K","3.50%"
"Feb 10, 2019","2.625","2.650","2.744","2.543","757.10K","1.63%"
"Feb 03, 2019","2.583","2.705","2.733","2.549","656.74K","-5.52%"
"Jan 27, 2019","2.734","2.926","2.983","2.730","405.42K","-13.97%"
"Jan 20, 2019","3.178","3.327","3.361","2.957","465.94K","-8.73%"
"Jan 13, 2019","3.482","3.325","3.722","3.201","919.27K","12.36%"
"Jan 06, 2019","3.099","2.962","3.166","2.910","652.08K","1.81%"
"Dec 30, 2018","3.044","3.125","3.140","2.878","546.91K","-7.84%"
"Dec 23, 2018","3.303","3.758","3.846","3.278","228.95K","-13.44%"
"Dec 16, 2018","3.816","3.620","3.938","3.516","679.47K","-0.29%"
"Dec 09, 2018","3.827","4.590","4.666","3.787","920.61K","-14.73%"
"Dec 02, 2018","4.488","4.527","4.630","4.231","770.27K","-2.69%"
"Nov 25, 2018","4.612","4.068","4.806","3.990","508.21K","7.06%"
"Nov 18, 2018","4.308","4.625","4.864","4.117","822.28K","0.84%"
"Nov 11, 2018","4.272","3.745","4.929","3.735","1.68M","14.87%"
"Nov 04, 2018","3.719","3.471","3.824","3.437","1.11M","13.25%"
"Oct 28, 2018","3.284","3.139","3.318","3.100","654.59K","3.11%"
"Oct 21, 2018","3.185","3.227","3.250","3.102","592.74K","-2.00%"
"Oct 14, 2018","3.250","3.224","3.340","3.155","774.91K","2.82%"
"Oct 07, 2018","3.161","3.182","3.368","3.138","1.20M","0.57%"
"Sep 30, 2018","3.143","3.007","3.261","3.001","1.09M","4.49%"
"Sep 23, 2018","3.008","2.973","3.111","2.951","573.47K","1.04%"
"Sep 16, 2018","2.977","2.774","2.991","2.772","872.51K","7.59%"
"Sep 09, 2018","2.767","2.770","2.869","2.752","747.83K","-0.32%"
"Sep 02, 2018","2.776","2.900","2.904","2.759","609.19K","-4.80%"
"Aug 26, 2018","2.916","2.908","2.931","2.841","349.81K","-0.03%"
"Aug 19, 2018","2.917","2.940","2.993","2.903","540.33K","-0.98%"
"Aug 12, 2018","2.946","2.936","2.974","2.891","587.93K","0.07%"
"Aug 05, 2018","2.944","2.851","2.959","2.822","767.03K","3.19%"
"Jul 29, 2018","2.853","2.794","2.862","2.740","724.08K","1.10%"
"Jul 22, 2018","2.822","2.737","2.831","2.710","285.13K","2.36%"
"Jul 15, 2018","2.757","2.765","2.788","2.704","557.39K","0.18%"
"Jul 08, 2018","2.752","2.839","2.865","2.750","614.05K","-3.71%"
"Jul 01, 2018","2.858","2.920","2.927","2.822","522.07K","-2.26%"
"Jun 24, 2018","2.924","2.926","3.021","2.897","377.74K","-0.71%"
"Jun 17, 2018","2.945","3.051","3.053","2.887","686.53K","-2.55%"
"Jun 10, 2018","3.022","2.927","3.034","2.912","824.28K","4.57%"
"Jun 03, 2018","2.890","2.974","2.987","2.873","700.04K","-2.43%"
"May 27, 2018","2.962","2.946","2.988","2.838","397.98K","0.78%"
"May 20, 2018","2.939","2.826","2.964","2.806","563.37K","3.23%"
"May 13, 2018","2.847","2.825","2.870","2.780","637.38K","1.46%"
"May 06, 2018","2.806","2.710","2.820","2.695","793.36K","3.50%"
"Apr 29, 2018","2.711","2.763","2.820","2.700","696.87K","-2.17%"
"Apr 22, 2018","2.771","2.745","2.839","2.706","370.60K","1.17%"
"Apr 15, 2018","2.739","2.753","2.790","2.658","735.77K","0.15%"
"Apr 08, 2018","2.735","2.679","2.760","2.621","966.86K","1.26%"
"Apr 01, 2018","2.701","2.730","2.759","2.650","712.99K","-1.17%"
"Mar 25, 2018","2.733","2.588","2.764","2.565","307.79K","5.48%"
"Mar 18, 2018","2.591","2.683","2.710","2.579","537.68K","-3.61%"
"Mar 11, 2018","2.688","2.731","2.811","2.664","682.91K","-1.61%"
"Mar 04, 2018","2.732","2.717","2.793","2.673","674.65K","1.37%"
"Feb 25, 2018","2.695","2.635","2.731","2.586","614.12K","2.67%"
"Feb 18, 2018","2.625","2.568","2.680","2.555","400.49K","2.62%"
"Feb 11, 2018","2.558","2.554","2.642","2.530","850.84K","-1.01%"
"Feb 04, 2018","2.584","2.825","2.880","2.576","1.03M","-9.21%"
"Jan 28, 2018","2.846","3.390","3.661","2.837","1.16M","-18.80%"
"Jan 21, 2018","3.505","3.252","3.628","3.143","866.69K","10.05%"
"Jan 14, 2018","3.185","3.131","3.288","3.039","1.13M","-0.47%"
"Jan 07, 2018","3.200","2.812","3.224","2.784","1.59M","14.49%"
"Dec 31, 2017","2.795","3.030","3.097","2.746","1.14M","-5.35%"
"Dec 24, 2017","2.953","2.708","3.008","2.598","686.35K","10.72%"
"Dec 17, 2017","2.667","2.650","2.778","2.568","880.13K","2.11%"
"Dec 10, 2017","2.612","2.831","2.848","2.581","1.16M","-5.77%"
"Dec 03, 2017","2.772","3.091","3.127","2.747","1.28M","-9.44%"
"Nov 26, 2017","3.061","2.927","3.218","2.876","830.64K","8.82%"
"Nov 19, 2017","2.813","3.070","3.089","2.797","528.04K","-9.17%"
"Nov 12, 2017","3.097","3.200","3.231","3.046","999.45K","-3.61%"
"Nov 05, 2017","3.213","3.085","3.224","3.051","1.15M","7.67%"
"Oct 29, 2017","2.984","2.938","3.006","2.847","837.10K","8.43%"
"Oct 22, 2017","2.752","3.001","3.017","2.723","407.58K","-5.59%"
"Oct 15, 2017","2.915","2.960","3.026","2.773","1.11M","-2.83%"
"Oct 08, 2017","3.000","2.859","3.036","2.827","1.09M","4.79%"
"Oct 01, 2017","2.863","3.018","3.025","2.856","970.30K","-4.79%"
"Sep 24, 2017","3.007","2.932","3.081","2.898","454.36K","1.62%"
"Sep 17, 2017","2.959","3.049","3.166","2.942","920.66K","-2.15%"
"Sep 10, 2017","3.024","2.910","3.106","2.899","952.47K","4.64%"
"Sep 03, 2017","2.890","3.013","3.059","2.885","659.72K","-5.86%"
"Aug 27, 2017","3.070","2.924","3.088","2.849","572.78K","6.15%"
"Aug 20, 2017","2.892","2.894","3.006","2.867","586.45K","-0.03%"
"Aug 13, 2017","2.893","3.005","3.018","2.856","611.26K","-3.02%"
"Aug 06, 2017","2.983","2.772","2.997","2.764","863.13K","7.53%"
"Jul 30, 2017","2.774","2.900","2.900","2.753","664.98K","-5.68%"
"Jul 23, 2017","2.941","2.914","2.998","2.880","318.61K","-0.98%"
"Jul 16, 2017","2.970","2.982","3.114","2.938","685.57K","-0.34%"
"Jul 09, 2017","2.980","2.898","3.053","2.870","872.50K","4.05%"
"Jul 02, 2017","2.864","2.949","3.050","2.832","686.11K","-5.63%"
"Jun 25, 2017","3.035","2.990","3.122","2.974","431.25K","3.62%"
"Jun 18, 2017","2.929","2.966","2.971","2.855","660.93K","-3.56%"
"Jun 11, 2017","3.037","3.032","3.087","2.916","868.38K","-0.07%"
"Jun 04, 2017","3.039","3.026","3.095","2.935","812.17K","1.33%"
"May 28, 2017","2.999","3.250","3.255","2.988","807.23K","-7.32%"
"May 21, 2017","3.236","3.291","3.334","3.145","362.02K","-0.61%"
"May 14, 2017","3.256","3.387","3.408","3.161","789.88K","-4.91%"
"May 07, 2017","3.424","3.243","3.431","3.140","940.29K","4.84%"
"Apr 30, 2017","3.266","3.249","3.313","3.165","650.53K","-0.31%"
"Apr 23, 2017","3.276","3.094","3.298","3.022","400.70K","5.64%"
"Apr 16, 2017","3.101","3.229","3.249","3.082","685.48K","-3.90%"
"Apr 09, 2017","3.227","3.240","3.293","3.132","699.41K","-1.04%"
"Apr 02, 2017","3.261","3.217","3.347","3.121","859.48K","2.23%"
"Mar 26, 2017","3.190","3.119","3.242","3.011","368.86K","3.71%"
"Mar 19, 2017","3.076","2.913","3.113","2.902","647.49K","4.34%"
"Mar 12, 2017","2.948","3.083","3.089","2.882","694.59K","-1.99%"
"Mar 05, 2017","3.008","2.911","3.043","2.815","924.68K","6.40%"
"Feb 26, 2017","2.827","2.715","2.840","2.653","794.56K","7.61%"
"Feb 19, 2017","2.627","2.791","2.826","2.522","342.57K","-7.30%"
"Feb 12, 2017","2.834","2.978","2.994","2.830","697.01K","-6.59%"
"Feb 05, 2017","3.034","3.015","3.189","3.005","811.18K","-0.95%"
"Jan 29, 2017","3.063","3.300","3.342","3.042","798.82K","-9.67%"
"Jan 22, 2017","3.391","3.180","3.494","3.145","334.62K","5.84%"
"Jan 15, 2017","3.204","3.473","3.513","3.189","550.91K","-6.29%"
"Jan 08, 2017","3.419","3.253","3.450","3.098","844.83K","4.08%"
"Jan 01, 2017","3.285","3.568","3.568","3.172","774.17K","-11.79%"
"Dec 25, 2016","3.724","3.736","3.994","3.664","306.42K","1.69%"
"Dec 18, 2016","3.662","3.353","3.715","3.242","631.53K","7.23%"
"Dec 11, 2016","3.415","3.583","3.601","3.343","860.33K","-8.84%"
"Dec 04, 2016","3.746","3.471","3.777","3.450","1.11M","9.02%"
"Nov 27, 2016","3.436","3.130","3.568","3.130","724.99K","11.38%"
"Nov 20, 2016","3.085","2.898","3.121","2.891","327.01K","8.51%"
"Nov 13, 2016","2.843","2.667","2.852","2.644","689.77K","8.55%"
"Nov 06, 2016","2.619","2.848","2.875","2.546","910.89K","-5.35%"
"Oct 30, 2016","2.767","3.150","3.163","2.725","868.53K","-10.89%"
"Oct 23, 2016","3.105","3.007","3.125","2.627","516.00K","3.74%"
"Oct 16, 2016","2.993","3.260","3.317","2.955","734.68K","-8.89%"
"Oct 09, 2016","3.285","3.194","3.366","3.154","998.11K","2.88%"
"Oct 02, 2016","3.193","2.905","3.218","2.866","928.92K","9.88%"
"Sep 25, 2016","2.906","2.949","3.032","2.892","398.20K","-1.66%"
"Sep 18, 2016","2.955","2.956","3.098","2.890","634.31K","0.24%"
"Sep 11, 2016","2.948","2.820","2.978","2.820","781.87K","5.40%"
"Sep 04, 2016","2.797","2.764","2.844","2.665","628.43K","0.18%"
"Aug 28, 2016","2.792","2.847","2.943","2.770","530.28K","-2.75%"
"Aug 21, 2016","2.871","2.596","2.907","2.596","501.62K","11.11%"
"Aug 14, 2016","2.584","2.565","2.697","2.561","592.55K","-0.08%"
"Aug 07, 2016","2.586","2.749","2.761","2.523","901.13K","-6.71%"
"Jul 31, 2016","2.772","2.840","2.885","2.722","685.37K","-3.62%"
"Jul 24, 2016","2.876","2.779","2.911","2.651","479.89K","3.56%"
"Jul 17, 2016","2.777","2.775","2.799","2.625","537.10K","0.76%"
"Jul 10, 2016","2.756","2.819","2.871","2.669","675.00K","-1.61%"
"Jul 03, 2016","2.801","2.915","2.945","2.697","549.39K","-6.23%"
"Jun 26, 2016","2.987","2.636","2.998","2.631","480.98K","12.21%"
"Jun 19, 2016","2.662","2.652","2.786","2.614","613.59K","1.49%"
"Jun 12, 2016","2.623","2.595","2.656","2.535","707.08K","2.62%"
"Jun 05, 2016","2.556","2.439","2.630","2.399","929.03K","6.59%"
"May 29, 2016","2.398","2.160","2.454","2.151","695.67K","10.56%"
"May 22, 2016","2.169","2.093","2.191","1.909","379.96K","5.19%"
"May 15, 2016","2.062","2.080","2.087","1.952","650.92K","-1.62%"
"May 08, 2016","2.096","2.104","2.185","2.075","716.09K","-0.24%"
"May 01, 2016","2.101","2.132","2.179","2.026","694.99K","-3.54%"
"Apr 24, 2016","2.178","2.160","2.195","1.950","545.11K","1.78%"
"Apr 17, 2016","2.140","1.882","2.147","1.872","801.12K","12.51%"
"Apr 10, 2016","1.902","1.951","2.051","1.885","783.12K","-4.42%"
"Apr 03, 2016","1.990","1.988","2.074","1.892","796.62K","1.74%"
"Mar 27, 2016","1.956","1.785","2.028","1.766","481.94K","8.31%"
"Mar 20, 2016","1.806","1.893","1.908","1.772","442.20K","-5.30%"
"Mar 13, 2016","1.907","1.818","1.957","1.771","655.55K","4.67%"
"Mar 06, 2016","1.822","1.628","1.859","1.612","785.71K","9.36%"
"Feb 28, 2016","1.666","1.711","1.775","1.611","734.77K","-6.98%"
"Feb 21, 2016","1.791","1.784","1.848","1.682","316.15K","-0.72%"
"Feb 14, 2016","1.804","1.952","1.963","1.794","499.44K","-8.24%"
"Feb 07, 2016","1.966","2.106","2.172","1.951","754.55K","-4.70%"
"Jan 31, 2016","2.063","2.213","2.228","1.954","833.34K","-10.23%"
"Jan 24, 2016","2.298","2.156","2.315","2.081","483.73K","7.43%"
"Jan 17, 2016","2.139","2.055","2.189","2.044","492.90K","1.86%"
"Jan 10, 2016","2.100","2.446","2.480","2.086","702.73K","-15.05%"
"Jan 03, 2016","2.472","2.366","2.495","2.239","803.81K","5.78%"
"Dec 27, 2015","2.337","2.082","2.387","2.067","357.82K","15.18%"
"Dec 20, 2015","2.029","1.836","2.052","1.787","444.63K","14.83%"
"Dec 13, 2015","1.767","1.913","1.923","1.684","834.50K","-11.21%"
"Dec 06, 2015","1.990","2.159","2.162","1.959","869.33K","-8.97%"
"Nov 29, 2015","2.186","2.175","2.259","2.131","595.44K","-1.18%"
"Nov 22, 2015","2.212","2.111","2.305","2.051","220.00K","3.12%"
"Nov 15, 2015","2.145","2.449","2.460","2.123","670.32K","-9.15%"
"Nov 08, 2015","2.361","2.373","2.391","2.234","783.19K","-0.42%"
"Nov 01, 2015","2.371","2.268","2.398","2.231","732.64K","2.15%"
"Oct 25, 2015","2.321","2.221","2.372","1.948","563.18K","1.53%"
"Oct 18, 2015","2.286","2.464","2.499","2.275","646.47K","-5.93%"
"Oct 11, 2015","2.430","2.520","2.578","2.410","730.11K","-2.88%"
"Oct 04, 2015","2.502","2.451","2.531","2.429","717.82K","2.08%"
"Sep 27, 2015","2.451","2.608","2.673","2.403","536.65K","-4.41%"
"Sep 20, 2015","2.564","2.585","2.607","2.521","433.20K","-1.57%"
"Sep 13, 2015","2.605","2.702","2.794","2.602","568.74K","-3.27%"
"Sep 06, 2015","2.693","2.651","2.733","2.641","560.76K","1.43%"
"Aug 30, 2015","2.655","2.681","2.735","2.632","525.04K","-2.21%"
"Aug 23, 2015","2.715","2.654","2.725","2.624","276.18K","1.46%"
"Aug 16, 2015","2.676","2.774","2.788","2.670","569.17K","-4.46%"
"Aug 09, 2015","2.801","2.835","2.934","2.781","817.55K","0.11%"
"Aug 02, 2015","2.798","2.725","2.863","2.707","786.59K","3.02%"
"Jul 26, 2015","2.716","2.745","2.895","2.706","370.90K","-2.16%"
"Jul 19, 2015","2.776","2.843","2.951","2.773","587.84K","-3.28%"
"Jul 12, 2015","2.870","2.816","2.934","2.787","720.63K","3.61%"
"Jul 05, 2015","2.770","2.836","2.857","2.644","645.73K","-1.84%"
"Jun 28, 2015","2.822","2.755","2.885","2.735","519.77K","1.77%"
"Jun 21, 2015","2.773","2.749","2.854","2.711","323.49K","-1.53%"
"Jun 14, 2015","2.816","2.769","2.955","2.739","759.14K","2.40%"
"Jun 07, 2015","2.750","2.640","2.922","2.624","976.55K","6.18%"
"May 31, 2015","2.590","2.615","2.724","2.556","697.22K","-1.97%"
"May 24, 2015","2.642","2.878","2.887","2.633","365.03K","-8.49%"
"May 17, 2015","2.887","2.983","3.105","2.881","615.66K","-4.28%"
"May 10, 2015","3.016","2.914","3.036","2.785","702.23K","4.72%"
"May 03, 2015","2.880","2.738","2.888","2.711","632.32K","3.75%"
"Apr 26, 2015","2.776","2.472","2.800","2.443","536.09K","9.68%"
"Apr 19, 2015","2.531","2.592","2.622","2.518","478.68K","-3.91%"
"Apr 12, 2015","2.634","2.487","2.693","2.475","706.21K","4.90%"
"Apr 05, 2015","2.511","2.681","2.709","2.504","599.72K","-7.45%"
"Mar 29, 2015","2.713","2.624","2.719","2.583","392.07K","4.75%"
"Mar 22, 2015","2.590","2.741","2.810","2.578","316.76K","-7.04%"
"Mar 15, 2015","2.786","2.705","2.935","2.680","682.05K","2.16%"
"Mar 08, 2015","2.727","2.775","2.864","2.662","648.43K","-3.95%"
"Mar 01, 2015","2.839","2.691","2.870","2.641","560.46K","3.84%"
"Feb 22, 2015","2.734","2.963","3.039","2.684","417.23K","-7.35%"
"Feb 15, 2015","2.951","2.818","2.984","2.697","556.55K","5.24%"
"Feb 08, 2015","2.804","2.659","2.883","2.571","917.74K","8.72%"
"Feb 01, 2015","2.579","2.664","2.783","2.567","597.79K","-4.16%"
"Jan 25, 2015","2.691","2.897","3.005","2.637","413.86K","-9.88%"
"Jan 18, 2015","2.986","3.045","3.048","2.766","602.22K","-4.51%"
"Jan 11, 2015","3.127","2.917","3.352","2.783","873.01K","6.14%"
"Jan 04, 2015","2.946","3.076","3.176","2.811","643.08K","-1.90%"
"Dec 28, 2014","3.003","3.053","3.207","2.805","308.02K","-0.13%"
"Dec 21, 2014","3.007","3.350","3.351","2.973","333.52K","-13.19%"
"Dec 14, 2014","3.464","3.930","3.936","3.444","585.05K","-8.72%"
"Dec 07, 2014","3.795","3.777","3.826","3.585","739.70K","-0.18%"
"Nov 30, 2014","3.802","3.975","4.041","3.638","763.66K","-7.00%"
"Nov 23, 2014","4.088","4.047","4.529","4.006","318.76K","-4.17%"
"Nov 16, 2014","4.266","4.148","4.532","4.113","884.29K","6.12%"
"Nov 09, 2014","4.020","4.509","4.544","3.931","813.03K","-8.88%"
"Nov 02, 2014","4.412","4.007","4.494","3.989","994.01K","13.92%"
"Oct 26, 2014","3.873","3.620","3.955","3.541","377.93K","6.90%"
"Oct 19, 2014","3.623","3.721","3.745","3.558","477.98K","-3.80%"
"Oct 12, 2014","3.766","3.836","3.955","3.715","533.04K","-2.41%"
"Oct 05, 2014","3.859","4.000","4.000","3.815","645.08K","-4.46%"
"Sep 28, 2014","4.039","4.032","4.184","3.908","604.64K","1.38%"
"Sep 21, 2014","3.984","3.840","3.996","3.796","309.01K","3.83%"
"Sep 14, 2014","3.837","3.841","4.040","3.834","569.11K","-0.52%"
"Sep 07, 2014","3.857","3.783","4.016","3.761","612.96K","1.69%"
"Aug 31, 2014","3.793","4.048","4.078","3.781","451.51K","-6.69%"
"Aug 24, 2014","4.065","3.869","4.101","3.843","307.18K","5.86%"
"Aug 17, 2014","3.840","3.746","3.955","3.727","460.17K","1.69%"
"Aug 10, 2014","3.776","3.988","4.020","3.763","619.01K","-4.69%"
"Aug 03, 2014","3.962","3.786","3.981","3.761","498.34K","4.32%"
"Jul 27, 2014","3.798","3.736","3.890","3.723","353.13K","0.45%"
"Jul 20, 2014","3.781","3.883","3.893","3.744","367.27K","-4.30%"
"Jul 13, 2014","3.951","4.145","4.173","3.934","438.67K","-4.70%"
"Jul 06, 2014","4.146","4.398","4.356","4.106","507.60K","-5.90%"
"Jun 29, 2014","4.406","4.419","4.493","4.329","336.83K","-0.07%"
"Jun 22, 2014","4.409","4.522","4.597","4.350","253.63K","-2.69%"
"Jun 15, 2014","4.531","4.757","4.886","4.516","508.34K","-4.39%"
"Jun 08, 2014","4.739","4.714","4.793","4.504","736.76K","0.62%"
"Jun 01, 2014","4.710","4.551","4.736","4.522","502.56K","3.70%"
"May 25, 2014","4.542","4.406","4.665","4.360","299.95K","3.11%"
"May 18, 2014","4.405","4.414","4.575","4.349","422.62K","-0.18%"
"May 11, 2014","4.413","4.535","4.549","4.289","489.11K","-2.60%"
"May 04, 2014","4.531","4.775","4.827","4.498","515.72K","-3.06%"
"Apr 27, 2014","4.674","4.642","4.852","4.636","358.64K","0.58%"
"Apr 20, 2014","4.647","4.756","4.805","4.632","355.95K","-1.98%"
"Apr 13, 2014","4.741","4.620","4.746","4.484","413.28K","2.62%"
"Apr 06, 2014","4.620","4.443","4.703","4.430","690.88K","4.08%"
"Mar 30, 2014","4.439","4.482","4.487","4.221","502.70K","-1.03%"
"Mar 23, 2014","4.485","4.312","4.615","4.262","255.18K","3.99%"
"Mar 16, 2014","4.313","4.504","4.587","4.286","409.45K","-2.53%"
"Mar 09, 2014","4.425","4.623","4.733","4.341","538.10K","-4.18%"
"Mar 02, 2014","4.618","4.690","4.736","4.463","615.98K","0.20%"
"Feb 23, 2014","4.609","6.300","6.493","4.441","460.53K","-24.87%"
"Feb 16, 2014","6.135","5.384","6.400","5.371","742.90K","17.66%"
"Feb 09, 2014","5.214","4.660","5.389","4.563","1.01M","9.19%"
"Feb 02, 2014","4.775","4.850","5.737","4.739","972.94K","-3.40%"
"Jan 26, 2014","4.943","5.153","5.725","4.721","711.73K","-4.61%"
"Jan 19, 2014","5.182","4.236","5.246","4.203","796.26K","19.79%"
"Jan 12, 2014","4.326","4.120","4.495","4.118","876.67K","6.74%"
"Jan 05, 2014","4.053","4.313","4.430","3.953","731.77K","-5.83%"
"Dec 29, 2013","4.304","4.403","4.472","4.206","426.82K","-2.34%"
"Dec 22, 2013","4.407","4.490","4.532","4.338","174.68K","-0.25%"
"Dec 15, 2013","4.418","4.275","4.492","4.194","754.85K","1.54%"
"Dec 08, 2013","4.351","4.148","4.443","4.139","1.04M","5.76%"
"Dec 01, 2013","4.114","3.911","4.199","3.897","830.81K","4.05%"
"Nov 24, 2013","3.954","3.814","3.962","3.741","284.08K","4.94%"
"Nov 17, 2013","3.768","3.681","3.787","3.545","525.92K","2.95%"
"Nov 10, 2013","3.660","3.586","3.667","3.491","550.02K","2.84%"
"Nov 03, 2013","3.559","3.475","3.622","3.379","602.60K","1.31%"
"Oct 27, 2013","3.513","3.678","3.681","3.480","400.04K","-5.23%"
"Oct 20, 2013","3.707","3.795","3.838","3.545","531.80K","-1.51%"
"Oct 13, 2013","3.764","3.815","3.869","3.685","616.47K","-0.32%"
"Oct 06, 2013","3.776","3.530","3.795","3.519","863.20K","7.70%"
"Sep 29, 2013","3.506","3.581","3.653","3.482","556.66K","-2.31%"
"Sep 22, 2013","3.589","3.681","3.681","3.402","305.98K","-2.66%"
"Sep 15, 2013","3.687","3.687","3.820","3.625","583.46K","0.27%"
"Sep 08, 2013","3.677","3.534","3.689","3.525","583.32K","4.16%"
"Sep 01, 2013","3.530","3.601","3.719","3.517","471.05K","-1.42%"
"Aug 25, 2013","3.581","3.511","3.655","3.451","374.40K","2.75%"
"Aug 18, 2013","3.485","3.392","3.562","3.385","536.47K","3.47%"
"Aug 11, 2013","3.368","3.260","3.434","3.244","762.22K","4.27%"
"Aug 04, 2013","3.230","3.326","3.361","3.129","716.56K","-3.50%"
"Jul 28, 2013","3.347","3.515","3.520","3.330","415.48K","-5.85%"
"Jul 21, 2013","3.555","3.750","3.780","3.548","474.31K","-6.18%"
"Jul 14, 2013","3.789","3.650","3.835","3.546","599.36K","3.98%"
"Jul 07, 2013","3.644","3.626","3.787","3.574","547.17K","0.75%"
"Jun 30, 2013","3.617","3.547","3.700","3.531","353.38K","1.46%"
"Jun 23, 2013","3.565","3.790","3.822","3.526","448.10K","-5.46%"
"Jun 16, 2013","3.771","3.738","3.983","3.738","651.15K","1.02%"
"Jun 09, 2013","3.733","3.848","3.868","3.710","757.17K","-2.48%"
"Jun 02, 2013","3.828","3.963","4.040","3.814","589.54K","-3.92%"
"May 26, 2013","3.984","4.223","4.308","3.981","346.81K","-5.97%"
"May 19, 2013","4.237","4.089","4.295","4.063","518.82K","4.49%"
"May 12, 2013","4.055","3.897","4.096","3.886","612.51K","3.71%"
"May 05, 2013","3.910","4.012","4.056","3.883","577.65K","-3.24%"
"Apr 28, 2013","4.041","4.233","4.444","3.977","795.72K","-2.67%"
"Apr 21, 2013","4.152","4.390","4.397","4.062","430.15K","-5.81%"
"Apr 14, 2013","4.408","4.227","4.429","4.084","771.99K","4.41%"
"Apr 07, 2013","4.222","4.163","4.264","4.004","1.04M","2.35%"
"Mar 31, 2013","4.125","3.969","4.146","3.861","946.87K","2.51%"
"Mar 24, 2013","4.024","3.943","4.121","3.860","460.79K","2.47%"
"Mar 17, 2013","3.927","3.907","4.025","3.858","727.44K","1.42%"
"Mar 10, 2013","3.872","3.636","3.924","3.590","763.29K","6.70%"
"Mar 03, 2013","3.629","3.469","3.635","3.408","683.31K","5.01%"
"Feb 24, 2013","3.456","3.320","3.554","3.320","537.95K","5.01%"
"Feb 17, 2013","3.291","3.166","3.337","3.135","503.44K","4.38%"
"Feb 10, 2013","3.153","3.260","3.323","3.125","863.98K","-3.64%"
"Feb 03, 2013","3.272","3.313","3.459","3.256","691.75K","-0.88%"
"Jan 27, 2013","3.301","3.392","3.396","3.207","538.14K","-4.15%"
"Jan 20, 2013","3.444","3.572","3.645","3.411","502.97K","-3.42%"
"Jan 13, 2013","3.566","3.379","3.579","3.328","752.46K","7.18%"
"Jan 06, 2013","3.327","3.277","3.352","3.087","623.25K","1.22%"
"Dec 30, 2012","3.287","3.455","3.481","3.050","399.50K","-5.25%"
"Dec 23, 2012","3.469","3.461","3.487","3.300","151.17K","0.52%"
"Dec 16, 2012","3.451","3.299","3.508","3.277","616.85K","4.13%"
"Dec 09, 2012","3.314","3.519","3.520","3.261","934.12K","-6.67%"
"Dec 02, 2012","3.551","3.553","3.748","3.507","734.81K","-0.28%"
"Nov 25, 2012","3.561","3.864","3.868","3.546","488.04K","-8.72%"
"Nov 18, 2012","3.901","3.798","3.933","3.710","397.93K","2.93%"
"Nov 11, 2012","3.790","3.496","3.830","3.470","674.14K","8.19%"
"Nov 04, 2012","3.503","3.533","3.620","3.482","500.76K","-1.43%"
"Oct 28, 2012","3.554","3.360","3.820","3.360","430.61K","4.53%"
"Oct 21, 2012","3.400","3.617","3.648","3.355","592.36K","-6.00%"
"Oct 14, 2012","3.617","3.593","3.647","3.398","825.44K","0.17%"
"Oct 07, 2012","3.611","3.380","3.638","3.327","992.94K","6.33%"
"Sep 30, 2012","3.396","3.325","3.546","3.325","942.48K","2.29%"
"Sep 23, 2012","3.320","2.900","3.330","2.814","568.59K","15.08%"
"Sep 16, 2012","2.885","2.929","2.983","2.737","748.86K","-1.97%"
"Sep 09, 2012","2.943","2.659","3.070","2.647","938.00K","9.73%"
"Sep 02, 2012","2.682","2.806","2.888","2.666","550.43K","-4.18%"
"Aug 26, 2012","2.799","2.768","2.808","2.575","453.92K","3.59%"
"Aug 19, 2012","2.702","2.715","2.877","2.682","714.89K","-0.63%"
"Aug 12, 2012","2.719","2.770","2.848","2.685","709.33K","-1.84%"
"Aug 05, 2012","2.770","2.841","3.120","2.760","941.11K","-3.72%"
"Jul 29, 2012","2.877","3.030","3.277","2.840","828.02K","-4.42%"
"Jul 22, 2012","3.010","3.083","3.196","2.990","429.79K","-2.30%"
"Jul 15, 2012","3.081","2.875","3.096","2.720","739.28K","7.20%"
"Jul 08, 2012","2.874","2.781","2.920","2.718","691.62K","3.53%"
"Jul 01, 2012","2.776","2.804","3.060","2.742","519.35K","-1.70%"
"Jun 24, 2012","2.824","2.660","2.946","2.644","525.77K","7.58%"
"Jun 17, 2012","2.625","2.467","2.679","2.459","799.28K","6.40%"
"Jun 10, 2012","2.467","2.262","2.557","2.168","864.62K","7.31%"
"Jun 03, 2012","2.299","2.330","2.487","2.231","757.88K","-1.16%"
"May 27, 2012","2.326","2.547","2.560","2.313","511.92K","-9.42%"
"May 20, 2012","2.568","2.722","2.750","2.523","676.18K","-6.35%"
"May 13, 2012","2.742","2.493","2.759","2.387","760.34K","9.29%"
"May 06, 2012","2.509","2.277","2.531","2.273","756.38K","10.09%"
"Apr 29, 2012","2.279","2.190","2.385","2.150","777.17K","4.25%"
"Apr 22, 2012","2.186","1.937","2.198","1.921","405.69K","13.44%"
"Apr 15, 2012","1.927","1.986","2.030","1.902","556.26K","-2.73%"
"Apr 08, 2012","1.981","2.103","2.126","1.959","819.89K","-5.17%"
"Apr 01, 2012","2.089","2.122","2.204","2.069","506.05K","-1.74%"
"Mar 25, 2012","2.126","2.286","2.318","2.101","439.74K","-6.55%"
"Mar 18, 2012","2.275","2.322","2.393","2.250","582.73K","-2.19%"
"Mar 11, 2012","2.326","2.272","2.362","2.204","624.78K","0.09%"
"Mar 04, 2012","2.324","2.401","2.441","2.235","567.45K","-6.44%"
"Feb 26, 2012","2.484","2.523","2.625","2.436","546.17K","-2.59%"
"Feb 19, 2012","2.550","2.659","2.695","2.512","447.81K","-4.99%"
"Feb 12, 2012","2.684","2.448","2.733","2.395","926.17K","8.36%"
"Feb 05, 2012","2.477","2.503","2.618","2.390","966.45K","-0.88%"
"Jan 29, 2012","2.499","2.810","2.844","2.340","970.96K","-6.68%"
"Jan 22, 2012","2.678","2.270","2.803","2.231","921.34K","14.30%"
"Jan 15, 2012","2.343","2.569","2.587","2.283","620.01K","-12.25%"
"Jan 08, 2012","2.670","3.011","3.045","2.621","686.18K","-12.80%"
"Jan 01, 2012","3.062","2.969","3.123","2.936","518.35K","2.44%"
"Dec 25, 2011","2.989","3.106","3.181","2.957","217.92K","-4.01%"
"Dec 18, 2011","3.114","3.093","3.201","3.050","435.00K","-0.42%"
"Dec 11, 2011","3.127","3.253","3.299","3.084","663.69K","-5.73%"
"Dec 04, 2011","3.317","3.570","3.572","3.309","721.16K","-7.45%"
"Nov 27, 2011","3.584","3.529","3.689","3.351","532.50K","1.19%"
"Nov 20, 2011","3.542","3.329","3.549","3.285","377.93K","6.82%"
"Nov 13, 2011","3.316","3.540","3.553","3.285","717.66K","-7.48%"
"Nov 06, 2011","3.584","3.764","3.769","3.557","545.98K","-5.26%"
"Oct 30, 2011","3.783","3.930","3.978","3.730","580.80K","-3.57%"
"Oct 23, 2011","3.923","3.635","3.940","3.495","439.47K","8.10%"
"Oct 16, 2011","3.629","3.730","3.777","3.532","699.15K","-2.00%"
"Oct 09, 2011","3.703","3.486","3.743","3.446","883.35K","6.38%"
"Oct 02, 2011","3.481","3.643","3.699","3.470","629.92K","-5.05%"
"Sep 25, 2011","3.666","3.701","3.853","3.651","438.43K","-0.95%"
"Sep 18, 2011","3.701","3.776","3.859","3.662","509.61K","-2.84%"
"Sep 11, 2011","3.809","3.900","4.099","3.791","729.49K","-2.71%"
"Sep 04, 2011","3.915","3.882","4.038","3.851","511.49K","1.11%"
"Aug 28, 2011","3.872","3.925","4.130","3.780","523.73K","-1.50%"
"Aug 21, 2011","3.931","3.893","4.048","3.853","501.80K","-0.23%"
"Aug 14, 2011","3.940","4.012","4.062","3.843","554.88K","-2.96%"
"Aug 07, 2011","4.060","3.911","4.143","3.855","668.46K","3.02%"
"Jul 31, 2011","3.941","4.135","4.230","3.901","573.43K","-4.92%"
"Jul 24, 2011","4.145","4.413","4.459","4.138","367.02K","-5.77%"
"Jul 17, 2011","4.399","4.546","4.612","4.370","574.43K","-3.23%"
"Jul 10, 2011","4.546","4.231","4.560","4.182","614.61K","8.11%"
"Jul 03, 2011","4.205","4.313","4.411","4.064","471.34K","-2.46%"
"Jun 26, 2011","4.311","4.228","4.422","4.176","395.77K","1.94%"
"Jun 19, 2011","4.229","4.301","4.444","4.154","537.65K","-2.22%"
"Jun 12, 2011","4.325","4.790","4.811","4.317","603.86K","-9.08%"
"Jun 05, 2011","4.757","4.772","4.983","4.510","795.10K","1.06%"
"May 29, 2011","4.707","4.560","4.859","4.525","588.31K","4.18%"
"May 22, 2011","4.518","4.238","4.563","4.195","458.15K","6.81%"
"May 15, 2011","4.230","4.253","4.339","4.077","550.47K","-0.38%"
"May 08, 2011","4.246","4.250","4.297","4.109","559.58K","0.26%"
"May 01, 2011","4.235","4.685","4.729","4.205","673.03K","-9.86%"
"Apr 24, 2011","4.698","4.404","4.705","4.333","505.93K","6.48%"
"Apr 17, 2011","4.412","4.210","4.428","4.087","528.30K","4.95%"
"Apr 10, 2011","4.204","4.016","4.261","3.990","770.56K","4.03%"
"Apr 03, 2011","4.041","4.334","4.364","4.014","721.82K","-7.36%"
"Mar 27, 2011","4.362","4.425","4.480","4.197","532.27K","-0.93%"
"Mar 20, 2011","4.403","4.168","4.432","4.116","568.98K","5.64%"
"Mar 13, 2011","4.168","3.923","4.198","3.800","764.80K","7.17%"
"Mar 06, 2011","3.889","3.792","3.964","3.731","687.34K","2.10%"
"Feb 27, 2011","3.809","4.009","4.100","3.731","537.71K","-4.89%"
"Feb 20, 2011","4.005","3.879","4.044","3.775","298.86K","3.33%"
"Feb 13, 2011","3.876","3.899","3.997","3.825","564.90K","-0.87%"
"Feb 06, 2011","3.910","4.260","4.274","3.895","920.48K","-9.28%"
"Jan 30, 2011","4.310","4.323","4.496","4.287","615.63K","-0.30%"
"Jan 23, 2011","4.323","4.802","4.879","4.252","380.60K","-8.72%"
"Jan 16, 2011","4.736","4.494","4.777","4.387","594.66K","5.71%"
"Jan 09, 2011","4.480","4.373","4.554","4.322","676.17K","1.31%"
"Jan 02, 2011","4.422","4.492","4.707","4.327","722.67K","0.39%"
"Dec 26, 2010","4.405","4.031","4.454","3.992","309.24K","7.89%"
"Dec 19, 2010","4.083","4.052","4.250","3.988","368.56K","0.42%"
"Dec 12, 2010","4.066","4.444","4.547","3.951","746.51K","-7.95%"
"Dec 05, 2010","4.417","4.385","4.637","4.328","855.06K","1.56%"
"Nov 28, 2010","4.349","4.398","4.487","4.126","574.99K","-1.14%"
"Nov 21, 2010","4.399","4.162","4.482","4.115","250.16K","5.64%"
"Nov 14, 2010","4.164","3.780","4.175","3.710","685.69K","9.61%"
"Nov 07, 2010","3.799","3.954","4.249","3.794","733.98K","-3.51%"
"Oct 31, 2010","3.937","4.031","4.187","3.743","590.74K","-2.50%"
"Oct 24, 2010","4.038","3.292","4.075","3.212","458.74K","21.19%"
"Oct 17, 2010","3.332","3.480","3.613","3.290","540.80K","-5.74%"
"Oct 10, 2010","3.535","3.646","3.777","3.520","750.82K","-3.18%"
"Oct 03, 2010","3.651","3.752","3.888","3.583","583.44K","-3.85%"
"Sep 26, 2010","3.797","3.818","4.012","3.732","339.62K","-2.16%"
"Sep 19, 2010","3.881","3.970","4.133","3.806","551.07K","-3.55%"
"Sep 12, 2010","4.024","3.834","4.144","3.800","756.22K","3.63%"
"Sep 05, 2010","3.883","3.933","3.939","3.703","435.35K","-1.42%"
"Aug 29, 2010","3.939","3.746","3.946","3.693","507.82K","7.89%"
"Aug 22, 2010","3.651","4.066","4.129","3.620","304.71K","-11.32%"
"Aug 15, 2010","4.117","4.336","4.375","4.109","486.58K","-4.88%"
"Aug 08, 2010","4.328","4.452","4.548","4.257","673.24K","-3.11%"
"Aug 01, 2010","4.467","4.988","5.007","4.456","602.09K","-9.26%"
"Jul 25, 2010","4.923","4.561","4.937","4.511","385.08K","7.49%"
"Jul 18, 2010","4.580","4.531","4.719","4.454","555.04K","1.35%"
"Jul 11, 2010","4.519","4.421","4.659","4.288","570.49K","2.66%"
"Jul 04, 2010","4.402","4.660","4.900","4.339","407.32K","-6.08%"
"Jun 27, 2010","4.687","4.829","4.923","4.477","440.13K","-3.58%"
"Jun 20, 2010","4.861","5.044","5.182","4.691","476.74K","-2.72%"
"Jun 13, 2010","4.997","4.861","5.196","4.861","634.48K","4.52%"
"Jun 06, 2010","4.781","4.841","4.995","4.628","664.17K","-0.33%"
"May 30, 2010","4.797","4.350","4.977","4.217","548.14K","10.50%"
"May 23, 2010","4.341","4.037","4.399","3.986","317.92K","7.58%"
"May 16, 2010","4.035","4.325","4.494","4.020","528.86K","-6.42%"
"May 09, 2010","4.312","4.015","4.414","4.006","633.73K","7.40%"
"May 02, 2010","4.015","3.935","4.086","3.855","420.55K","2.42%"
"Apr 25, 2010","3.920","4.290","4.386","3.885","470.22K","-7.92%"
"Apr 18, 2010","4.257","4.038","4.322","3.879","536.66K","5.40%"
"Apr 11, 2010","4.039","4.093","4.269","3.936","770.09K","-0.76%"
"Apr 04, 2010","4.070","4.096","4.334","3.857","619.35K","-0.39%"
"Mar 28, 2010","4.086","3.866","4.157","3.810","315.92K","5.53%"
"Mar 21, 2010","3.872","4.158","4.168","3.856","388.22K","-7.12%"
"Mar 14, 2010","4.169","4.389","4.447","4.050","516.36K","-5.25%"
"Mar 07, 2010","4.400","4.537","4.603","4.377","393.62K","-4.20%"
"Feb 28, 2010","4.593","4.772","4.869","4.540","408.90K","-4.57%"
"Feb 21, 2010","4.813","4.950","4.977","4.739","315.40K","-4.58%"
"Feb 14, 2010","5.044","5.429","5.560","5.008","447.38K","-7.75%"
"Feb 07, 2010","5.468","5.602","5.680","5.204","712.42K","-0.85%"
"Jan 31, 2010","5.515","5.247","5.598","5.227","589.69K","7.48%"
"Jan 24, 2010","5.131","5.821","5.854","5.060","356.89K","-11.82%"
"Jan 17, 2010","5.819","5.640","5.869","5.444","442.21K","2.25%"
"Jan 10, 2010","5.691","5.576","5.804","5.354","655.31K","-1.01%"
"Jan 03, 2010","5.749","5.705","6.108","5.615","555.23K","3.18%"
"Dec 27, 2009","5.572","5.752","6.035","5.505","195.20K","-1.26%"
"Dec 20, 2009","5.643","5.798","5.929","5.531","285.10K","-2.40%"
"Dec 13, 2009","5.782","5.235","5.926","5.191","653.26K","11.99%"
"Dec 06, 2009","5.163","4.651","5.375","4.644","851.32K","12.58%"
"Nov 29, 2009","4.586","5.184","5.192","4.432","553.81K","-11.67%"
"Nov 22, 2009","5.192","4.507","5.290","4.361","315.74K","17.36%"
"Nov 15, 2009","4.424","4.440","4.734","4.157","597.30K","0.73%"
"Nov 08, 2009","4.392","4.605","4.690","4.287","625.32K","-4.42%"
"Nov 01, 2009","4.595","5.034","5.115","4.555","479.06K","-8.92%"
"Oct 25, 2009","5.045","4.735","5.271","4.230","376.72K","5.39%"
"Oct 18, 2009","4.787","4.770","5.318","4.672","642.68K","0.13%"
"Oct 11, 2009","4.781","4.781","4.972","4.355","765.87K","0.23%"
"Oct 04, 2009","4.770","4.735","5.120","4.671","714.26K","1.10%"
"Sep 27, 2009","4.718","3.965","4.975","3.662","595.90K","18.39%"
"Sep 20, 2009","3.985","3.722","4.035","3.502","565.13K","5.48%"
"Sep 13, 2009","3.778","2.956","3.900","2.911","928.81K","27.64%"
"Sep 06, 2009","2.960","2.741","3.424","2.623","633.23K","8.50%"
"Aug 30, 2009","2.728","3.003","3.084","2.409","550.53K","-10.06%"
"Aug 23, 2009","3.033","2.790","3.220","2.692","342.93K","8.17%"
"Aug 16, 2009","2.804","3.184","3.281","2.776","513.86K","-13.40%"
"Aug 09, 2009","3.238","3.703","3.768","3.224","645.22K","-11.87%"
"Aug 02, 2009","3.674","3.632","4.162","3.596","543.63K","0.57%"
"Jul 26, 2009","3.653","3.666","3.769","3.296","327.18K","-1.14%"
"Jul 19, 2009","3.695","3.700","3.904","3.516","484.80K","0.71%"
"Jul 12, 2009","3.669","3.337","3.785","3.225","612.78K","8.78%"
"Jul 05, 2009","3.373","3.640","3.685","3.337","396.64K","-6.69%"
"Jun 28, 2009","3.615","4.049","4.090","3.606","328.84K","-8.46%"
"Jun 21, 2009","3.949","4.040","4.105","3.717","350.25K","-2.06%"
"Jun 14, 2009","4.032","3.859","4.387","3.825","571.06K","4.54%"
"Jun 07, 2009","3.857","3.870","4.067","3.656","634.95K","-0.28%"
"May 31, 2009","3.868","3.869","4.284","3.550","557.28K","0.86%"
"May 24, 2009","3.835","3.480","4.104","3.388","334.28K","9.10%"
"May 17, 2009","3.515","4.037","4.239","3.478","422.05K","-14.23%"
"May 10, 2009","4.098","4.340","4.575","4.083","491.63K","-4.94%"
"May 03, 2009","4.311","3.544","4.360","3.469","449.29K","21.57%"
"Apr 26, 2009","3.546","3.268","3.591","3.155","277.16K","7.55%"
"Apr 19, 2009","3.297","3.710","3.757","3.260","261.23K","-11.58%"
"Apr 12, 2009","3.729","3.625","3.786","3.504","326.93K","3.30%"
"Apr 05, 2009","3.610","3.801","3.860","3.531","204.67K","-5.02%"
"Mar 29, 2009","3.801","3.760","3.904","3.629","252.00K","4.68%"
"Mar 22, 2009","3.631","4.190","4.379","3.600","280.50K","-14.10%"
"Mar 15, 2009","4.227","3.914","4.424","3.672","375.24K","7.50%"
"Mar 08, 2009","3.932","3.882","4.040","3.759","329.87K","-0.33%"
"Mar 01, 2009","3.945","4.274","4.380","3.917","390.17K","-6.03%"
"Feb 22, 2009","4.198","4.075","4.296","3.916","279.77K","4.79%"
"Feb 15, 2009","4.006","4.300","4.322","3.921","271.19K","-10.02%"
"Feb 08, 2009","4.452","4.770","4.880","4.380","408.72K","-6.74%"
"Feb 01, 2009","4.774","4.315","4.837","4.280","351.62K","8.08%"
"Jan 25, 2009","4.417","4.440","4.665","4.359","231.66K","-2.24%"
"Jan 18, 2009","4.518","4.729","4.859","4.432","207.94K","-5.89%"
"Jan 11, 2009","4.801","5.547","5.634","4.742","288.75K","-12.96%"
"Jan 04, 2009","5.516","5.930","6.240","5.423","271.44K","-7.62%"
"Dec 28, 2008","5.971","5.909","6.180","5.477","118.91K","2.49%"
"Dec 21, 2008","5.826","5.270","5.940","5.210","137.06K","9.22%"
"Dec 14, 2008","5.334","5.594","5.855","5.267","261.17K","-2.81%"
"Dec 07, 2008","5.488","5.708","5.792","5.458","319.08K","-4.42%"
"Nov 30, 2008","5.742","6.550","6.685","5.712","300.67K","-11.80%"
"Nov 23, 2008","6.510","6.672","6.978","6.255","193.23K","0.46%"
"Nov 16, 2008","6.480","6.361","6.825","6.201","308.22K","2.66%"
"Nov 09, 2008","6.312","6.887","7.308","6.054","387.43K","-6.59%"
"Nov 02, 2008","6.757","6.693","7.360","6.512","322.12K","-0.38%"
"Oct 26, 2008","6.783","6.133","6.896","5.990","257.42K","8.72%"
"Oct 19, 2008","6.239","6.854","7.087","6.150","304.15K","-8.06%"
"Oct 12, 2008","6.786","6.535","6.975","6.436","294.57K","3.84%"
"Oct 05, 2008","6.535","7.348","7.348","6.510","362.19K","-11.19%"
"Sep 28, 2008","7.358","7.628","7.938","7.140","305.40K","-1.53%"
"Sep 21, 2008","7.472","7.451","8.160","7.296","354.84K","-0.78%"
"Sep 14, 2008","7.531","7.372","8.320","7.071","448.01K","2.24%"
"Sep 07, 2008","7.366","7.600","7.705","7.120","428.23K","-1.11%"
"Aug 31, 2008","7.449","8.094","8.130","7.023","340.47K","-6.22%"
"Aug 24, 2008","7.943","7.794","8.808","7.617","438.69K","1.28%"
"Aug 17, 2008","7.843","7.928","8.388","7.768","380.22K","-3.08%"
"Aug 10, 2008","8.092","8.360","8.736","7.960","461.33K","-1.89%"
"Aug 03, 2008","8.248","9.451","9.600","8.190","473.45K","-12.15%"